user_id,mfcc_1,mfcc_2,mfcc_3,mfcc_4,mfcc_5,mfcc_6,mfcc_7,mfcc_8,mfcc_9,mfcc_10,mfcc_11,mfcc_12,mfcc_13,delta_mfcc_1,delta_mfcc_2,delta_mfcc_3,delta_mfcc_4,delta_mfcc_5,delta_mfcc_6,delta_mfcc_7,delta_mfcc_8,delta_mfcc_9,delta_mfcc_10,delta_mfcc_11,delta_mfcc_12,delta_mfcc_13,delta2_mfcc_1,delta2_mfcc_2,delta2_mfcc_3,delta2_mfcc_4,delta2_mfcc_5,delta2_mfcc_6,delta2_mfcc_7,delta2_mfcc_8,delta2_mfcc_9,delta2_mfcc_10,delta2_mfcc_11,delta2_mfcc_12,delta2_mfcc_13,pitch_mean,energy_mean,zcr_mean,rolloff_mean
2,-706.5024,47.573006,-4.979024,15.478583,-6.700446,-8.190189,-10.729736,-5.859104,-8.144342,-8.805769,-13.906991,-7.204803,-6.331704,0,0,0,0,0,0,0,0,0,0,0,0,0,0,0,0,0,0,0,0,0,0,0,0,0,0,53.861822,0.002244,0.349528,5158.69751
2,-707.33,68.29494,-16.724491,5.742188,-16.504171,-9.529563,-14.239332,-4.03551,-13.376153,-9.006995,-6.774745,-7.127658,-10.868526,0.084102,0.348665,0.563702,0.288054,0.042375,0.054389,-0.013653,-0.055243,-0.014248,-0.003158,-0.018928,0.023742,-0.014411,-0.14135,-0.209463,-0.118002,0.189587,0.174117,0.079024,0.069229,-0.038034,0.050474,-0.059618,-0.102208,-0.022429,-0.015882,59.485078,0.002785,0.237325,3922.033691
2,-716.3306,47.529484,-12.078428,13.745794,-9.454278,-13.389875,-12.188526,-1.600915,-11.093731,-3.798371,-11.626661,-6.336901,-6.763354,0,0,0,0,0,0,0,0,0,0,0,0,0,0,0,0,0,0,0,0,0,0,0,0,0,0,48.288726,0.00242,0.427212,6040.063477
2,-708.8798,36.508137,2.062548,12.906356,-7.662818,-11.46034,-13.360913,-7.883911,-13.163633,-8.242219,-12.306372,-8.642763,-7.110993,0.016521,0.034898,0.052261,0.056395,0.037156,-0.007887,-0.051366,-0.072399,-0.06981,-0.045731,-0.021017,-0.007992,-0.000715,-0.120489,-0.150039,-0.090936,-0.013887,0.053108,0.094053,0.095994,0.067044,0.030778,0.00173,-0.007309,0.001115,0.010787,49.75334,0.00239,0.388487,5569.174194
2,-661.2711,32.55216,0.64057,18.377317,-12.271645,-13.862719,-14.105213,-4.845954,-19.339758,-9.246782,-12.87209,-4.264143,-4.821705,0.79918,0.121052,0.335154,-0.060137,-0.120522,0.245001,-0.355782,0.144142,-0.122693,0.056039,-0.087422,-0.181687,-0.007966,-0.24691,-0.423205,0.108486,0.154502,0.026493,0.081425,-0.04193,0.063382,-0.039587,-0.000861,0.049098,0.080376,-0.030958,48.393976,0.003415,0.404503,5881.953939
2,-781.32733,39.481445,-0.96909,16.159513,-2.877425,-4.280173,-10.230986,-4.233552,-12.191406,-11.088824,-14.214748,-4.132304,-6.556458,0,0,0,0,0,0,0,0,0,0,0,0,0,0,0,0,0,0,0,0,0,0,0,0,0,0,37.502459,0.001201,0.460852,6443.811035
2,-648.6815,37.718613,-15.138666,4.762033,-6.457965,-9.75342,-19.061964,-1.20392,-12.646405,-6.147646,-10.897705,-5.783387,-8.665245,-0.032678,-0.133988,0.019997,-0.084414,-0.059217,0.055461,-0.035993,0.070018,-0.011755,0.059959,0.046857,0.023675,0.037493,-0.123973,0.224097,-0.112136,0.031705,0.094593,-0.117447,0.080784,-0.081879,0.063026,-0.065361,0.018605,-0.015186,-0.00566,53.566863,0.004463,0.409424,5863.112386
2,-703.9903,47.243263,-10.90757,10.963221,-14.619884,-5.709714,-14.015202,-9.97866,-15.476746,-10.39469,-15.589996,-4.337908,-8.614781,0.361058,0.44334,0.313529,0.076616,0.129612,0.103824,-0.049458,-0.057745,-0.013699,-0.138003,-0.115016,-0.063381,-0.109704,0.165725,0.107025,0.027269,-0.041188,-0.000467,0.019056,0.01499,0.000334,0.055973,0.027698,0.009109,0.035058,0.031452,57.389752,0.003272,0.374046,5523.515828
2,-688.9304,30.643717,-11.98165,7.456059,-6.741345,-4.94681,-5.349505,-4.26495,-6.87026,-5.420725,-7.841442,-3.591129,-5.251403,0.081016,0.04384,-0.012353,0.054451,0.092546,0.044833,0.000956,0.009281,0.059141,0.065155,-0.006624,-0.025783,0.035664,-0.03154,0.026481,0.070679,0.002928,-0.002744,0.035067,0.010504,-0.004138,0.021107,0.030129,0.012959,-0.021022,-0.018567,50.348166,0.002634,0.446725,6056.362915
2,-714.0319,44.24081,-4.043425,20.139225,-4.034562,-8.247655,-17.617731,-6.038473,-14.127235,-10.484872,-12.627692,-5.212179,-9.932484,0,0,0,0,0,0,0,0,0,0,0,0,0,0,0,0,0,0,0,0,0,0,0,0,0,0,56.59347,0.002626,0.373504,5379.21346
2,-671.3466,33.193726,-1.396432,16.69987,-10.500305,-15.627916,-6.367077,-2.957591,-17.431396,-8.395885,-11.801449,-8.006328,-6.522119,0.319915,0.368365,0.262172,0.236429,0.142157,-0.011708,-0.023547,0.046441,-0.009445,-0.108853,-0.092464,-0.059986,-0.092251,-0.016058,0.031633,0.084641,0.048174,0.033228,0.073388,0.044429,-0.03485,-0.018511,0.056407,0.051391,0.004842,0.009511,59.058152,0.003609,0.310563,4685.166423
2,-682.1697,31.756393,-4.475687,10.109406,-7.796078,-5.959786,-16.819597,-8.321813,-12.505522,-7.198676,-16.072752,-5.849384,-5.308424,0.83415,0.263469,-0.23169,0.427924,0.147053,-0.401324,-0.252944,-0.006024,0.023951,-0.076799,-0.048458,0.050532,0.041635,-0.21673,0.027185,0.130969,-0.131251,0.011841,0.095898,0.013973,0.014201,-0.036005,-0.006522,0.036973,-0.023797,-0.02102,53.553379,0.002824,0.329542,5619.119263
2,-626.5546,32.93473,-8.842143,5.571568,-3.768259,-11.615026,-10.653734,-4.593708,-11.6227,-7.731494,-9.202725,-5.221085,-3.105891,0.130166,0.168664,0.24802,0.414133,0.197827,-0.094732,-0.073209,-0.082975,-0.110718,-0.1516,-0.086306,-0.030963,-0.050442,-0.044876,-0.021109,0.066447,0.024185,-0.01121,0.041805,0.059853,0.058532,0.004596,-0.006151,-0.022675,-0.021345,-0.008759,50.294211,0.003301,0.437563,5969.332886
2,-636.12604,36.98003,-7.779702,10.120561,-10.704405,-15.58441,-11.007985,-6.570846,-18.019444,-8.384452,-9.263551,-4.387695,-5.155081,0.666946,0.290161,0.045369,0.566691,0.237604,-0.301503,-0.244369,-0.00978,0.011224,-0.151788,-0.119571,-0.023606,0.018494,-0.104752,-0.038085,0.10439,0.067068,0.054219,0.163039,0.153278,-0.01466,-0.038301,0.015799,0.022793,0.024732,-0.052034,64.982768,0.003775,0.272359,4252.757772
2,-662.6871,34.29619,-7.941639,12.214599,-3.145033,-9.185152,-9.622087,-0.228162,-15.676728,-8.682511,-6.029337,-8.032576,-3.67424,1.332394,0.763363,-0.420038,-0.189527,-0.033105,-0.33969,-0.141409,0.184468,-0.104704,-0.043084,0.013621,-0.20719,0.026656,-0.064216,-0.055859,0.063937,0.075932,-0.053374,0.015129,0.068498,-0.025392,0.020446,0.007027,-0.011113,0.037499,-0.008804,50.586599,0.003877,0.330944,4853.693644
2,-729.6535,54.280403,-9.030003,18.974634,-5.94736,-11.477882,-12.443006,-3.655954,-15.945319,-11.070337,-14.455671,-0.372221,-10.94445,1.011601,0.803626,0.085741,0.034621,0.198256,0.076149,0.040204,0.029785,-0.070542,-0.196159,-0.12356,0.032946,0.005104,0.336778,0.168683,-0.097316,-0.083307,-0.010346,-0.056726,0.024334,0.08537,0.083374,0.009969,-0.020079,0.018749,0.027882,50.73941,0.002422,0.372864,5316.159058
2,-675.55396,60.341995,-7.530694,13.030304,-15.444054,-1.748157,-12.037414,-5.142788,-17.887896,-9.573265,-6.828748,-8.073676,-15.049201,0.298431,-0.407306,-0.146068,0.117435,-0.178667,0.114789,-0.210734,0.068041,0.19611,-0.182074,0.003289,0.20099,-0.075008,-0.26047,0.352233,0.026513,-0.056803,0.122138,-0.100929,0.143934,-0.098247,-0.038076,-0.002814,0.062603,-0.130935,0.007614,56.230731,0.003047,0.247663,4241.692098
2,-725.75494,43.633785,-2.22728,12.128633,-8.020447,-2.994419,-15.241094,-12.521507,-18.480503,-3.622805,-9.122305,-5.787899,-5.24377,-0.133494,-0.102023,-0.091437,-0.121269,-0.025015,-0.010317,0.002459,0.036646,0.038365,0.064373,0.021195,0.027818,0.059245,0.080054,0.055784,0.044827,0.068962,0.007226,-0.010188,-0.007928,-0.028025,-0.033622,-0.037913,-0.008702,-0.012067,-0.026425,46.903854,0.002339,0.456613,6341.478475
2,-646.1564,29.029984,4.632792,17.084063,-4.509881,-5.895951,-9.353275,-5.372207,-15.415344,-8.211699,-7.279803,-6.498932,-4.467848,0,0,0,0,0,0,0,0,0,0,0,0,0,0,0,0,0,0,0,0,0,0,0,0,0,0,44.526414,0.003119,0.424904,5885.443115
2,-674.7632,46.884377,-0.132741,27.983486,-7.993115,-5.879647,-23.02649,-4.364264,-19.839209,-12.28782,-14.297789,-9.291462,-9.809989,1.02786,0.882068,-0.104365,0.479306,0.234222,-0.455825,0.010744,-0.015292,-0.077777,-0.271048,-0.059492,0.054399,-0.069039,-0.06613,0.107079,0.067035,-0.339694,-0.005061,0.188293,-0.002191,0.030016,0.126523,0.117218,-0.021713,0.002885,0.072041,55.770397,0.003486,0.253352,4266.016642
2,-730.3771,32.647842,-3.550886,20.813847,-13.908661,-6.588657,-6.987283,-0.283396,-8.738524,-9.137807,-17.149975,-7.77178,-7.476591,0,0,0,0,0,0,0,0,0,0,0,0,0,0,0,0,0,0,0,0,0,0,0,0,0,0,40.302495,0.00241,0.469512,6432.346598
2,-715.1288,43.661922,-8.165019,15.358946,-4.355847,-11.395741,-14.811824,-4.38045,-18.54134,-6.410029,-11.588027,-9.234386,-8.048988,0,0,0,0,0,0,0,0,0,0,0,0,0,0,0,0,0,0,0,0,0,0,0,0,0,0,49.430442,0.002778,0.347625,5497.097778
2,-713.31104,55.750237,-5.595721,10.771043,-10.38383,-8.862695,-11.210608,-5.339762,-16.719719,-3.481346,-12.308567,-9.790483,-5.994224,0.063865,-0.049023,-0.03683,0.088408,-0.058984,-0.023427,0.082865,-0.065917,-0.009945,0.074233,-0.06934,0.002507,0.063342,-0.042768,0.032161,0.026155,-0.059706,0.037291,0.019583,-0.057418,0.041285,0.012784,-0.053742,0.043943,0.006108,-0.048879,66.945182,0.00273,0.348721,4909.171549
2,-714.41205,44.294632,-15.116724,13.551027,-10.953017,-9.625647,-6.420329,-3.275244,-10.785894,-6.86162,-9.54874,-6.929538,-6.427755,0,0,0,0,0,0,0,0,0,0,0,0,0,0,0,0,0,0,0,0,0,0,0,0,0,0,48.943169,0.002632,0.35909,5285.304769
2,-660.509,39.565704,-1.583287,18.600853,-4.934981,-9.866783,-13.119024,-2.017294,-15.210869,-10.517244,-10.754741,-6.573654,-7.265548,0,0,0,0,0,0,0,0,0,0,0,0,0,0,0,0,0,0,0,0,0,0,0,0,0,0,51.755067,0.002742,0.330343,5225.34078
2,-719.7816,46.123837,-2.958465,23.935926,-15.387298,-11.616997,-17.538584,0.075204,-18.319662,-9.43672,-14.241179,-5.498654,-8.617661,0.080247,-0.947664,0.3585,0.349191,-0.339466,0.460212,-0.249901,0.000468,0.171395,0.030174,-0.16479,0.181321,0.003637,-0.049148,0.095546,-0.163835,0.110836,0.060453,-0.113153,0.10361,-0.065558,0.04052,-0.134158,-0.045108,0.039125,0.047259,52.087408,0.003019,0.343047,5114.833577
2,-699.47943,43.631645,0.045781,14.007774,-11.964338,-8.952531,-16.9993,-3.195136,-23.854826,-10.920714,-12.910436,-6.103605,-6.937909,0.523889,0.203435,0.061826,0.630067,0.234205,-0.230473,0.175589,0.176418,-0.166421,-0.051017,0.017837,-0.112125,-0.125363,0.197311,0.078898,-0.022902,0.13504,0.056891,-0.046736,0.051247,0.027115,-0.034736,0.024436,0.023974,-0.003637,0.020123,51.771008,0.002712,0.36424,5296.320597
2,-707.8136,65.88353,-12.013699,14.154866,-4.515936,-14.216278,-19.486555,-7.445198,-22.377758,-8.836895,-13.097553,-11.360332,-4.047561,0.046962,0.271184,0.306788,0.059042,0.158283,0.238364,0.032141,0.026786,0.092036,-0.022399,-0.068885,-0.051233,-0.071201,0.039165,-0.063776,-0.087375,0.045824,-0.022607,-0.070993,0.042895,0.034044,-0.009869,0.049909,0.06173,0.032971,0.032304,55.676703,0.002857,0.30301,4444.762166
2,-691.1801,41.63599,-2.941528,18.265368,-1.523667,-12.159684,-12.661803,-7.475162,-13.986523,-9.139935,-9.862062,-6.549532,-8.187921,0.476478,-0.731058,-0.038648,0.185731,-0.341412,0.338149,-0.226549,0.196173,0.109639,-0.056414,0.041974,0.02479,0.015534,0.17318,0.018499,-0.004146,0.078176,0.043751,-0.027112,-0.092513,-0.041217,-0.021313,0.023781,-0.051284,0.00148,0.018272,49.786942,0.002483,0.341508,4971.428426
2,-670.51514,41.521877,-6.891336,20.810493,-3.983776,-15.076172,-16.487425,-4.060045,-15.419372,-8.750861,-8.346593,-6.317554,-7.94969,0.14858,0.059018,0.151153,0.349786,0.097644,-0.091137,0.011049,0.016903,-0.121728,-0.144024,-0.074404,-0.047097,-0.103777,-0.258572,-0.022524,0.02841,-0.301861,-0.083654,0.178338,0.095942,0.031393,0.085401,0.097002,0.025082,-0.026592,0.022978,52.793689,0.003001,0.346354,5120.017497
4,-760.81525,58.909225,-5.47566,12.063905,0.033621,-1.926103,-10.244096,-8.021975,-9.070755,-0.200227,-7.376932,0.814089,-4.993305,0,0,0,0,0,0,0,0,0,0,0,0,0,0,0,0,0,0,0,0,0,0,0,0,0,0,21.079802,0.001965,0.472066,6199.917603
4,-717.58075,58.903122,-7.411941,3.088194,-9.351752,-2.800234,-9.49561,-5.116928,-8.306911,-1.808068,-2.905811,-1.475168,-5.951477,0,0,0,0,0,0,0,0,0,0,0,0,0,0,0,0,0,0,0,0,0,0,0,0,0,0,41.360542,0.002573,0.389027,5366.851807
4,-760.29846,46.77375,-8.763032,18.809324,0.35844,-5.428229,-14.205608,-5.49174,-6.148016,1.44421,-6.840067,-0.821986,-3.650938,0,0,0,0,0,0,0,0,0,0,0,0,0,0,0,0,0,0,0,0,0,0,0,0,0,0,23.844951,0.001958,0.536162,6947.099813
4,-722.8883,34.00429,-6.247796,18.393278,-0.089448,1.956964,-14.654826,1.571271,-4.911752,-4.630652,-7.732886,-3.115588,-10.074365,0.650105,-0.387396,-0.365001,0.426842,-0.200783,-0.023053,0.012047,-0.066264,0.138728,0.067968,-0.034155,-0.109082,-0.10545,-0.017627,-0.030595,-0.009546,0.008747,0.009745,-0.011697,-0.021613,-0.023374,-0.020378,0.006626,0.012816,0.009975,-0.015839,23.989289,0.0021,0.448152,5965.843709
4,-727.58203,61.069756,-1.610702,25.6847,-7.419392,1.759986,-20.155571,-0.747379,-9.323357,-3.358755,-11.861201,-5.231478,-9.815925,0,0,0,0,0,0,0,0,0,0,0,0,0,0,0,0,0,0,0,0,0,0,0,0,0,0,27.153175,0.002137,0.349474,5122.45992
4,-701.4378,64.56589,-5.418163,26.63874,-3.055991,-4.190898,-18.255938,-9.601655,-9.765827,-9.109736,-18.428936,-9.878535,-10.78625,0,0,0,0,0,0,0,0,0,0,0,0,0,0,0,0,0,0,0,0,0,0,0,0,0,0,25.788516,0.002736,0.302832,4735.510254
4,-697.20703,51.281635,-8.131695,12.846239,-8.914272,3.329333,-9.60772,-5.999633,-8.627278,-6.423236,-11.336099,-4.329391,-8.119621,1.088823,0.248718,-0.241547,0.547457,0.196389,-0.157367,-0.16283,-0.254008,-0.115264,-0.044872,-0.168146,0.08628,0.026122,-0.27006,0.08635,0.165994,-0.087438,0.041917,0.063749,0.082785,0.138885,0.086129,0.036373,0.076979,-0.098007,-0.018469,30.539451,0.003235,0.431376,5986.728923
4,-757.6063,59.925392,-9.167317,12.409193,-3.613832,-3.705809,-8.868843,-4.11638,-13.193109,-0.829004,-9.626027,-3.474589,-7.071682,0,0,0,0,0,0,0,0,0,0,0,0,0,0,0,0,0,0,0,0,0,0,0,0,0,0,11.409439,0.002009,0.477557,6296.418254
4,-726.08405,63.452164,-0.127383,14.962819,-8.517974,3.721263,0.814111,-1.756625,-15.520333,0.177063,-6.63082,-6.012158,-12.478133,0,0,0,0,0,0,0,0,0,0,0,0,0,0,0,0,0,0,0,0,0,0,0,0,0,0,15.094042,0.002674,0.400723,5512.549845
4,-722.0937,63.12651,-3.766622,11.080929,-7.11831,-1.453977,-6.353207,-6.347197,-13.318322,-3.821814,-13.714065,-3.624219,-11.609783,0.740081,0.491429,0.095794,0.026333,0.079502,-0.080224,0.123709,0.276479,0.205292,-0.061634,-0.13107,-0.013089,0.000678,-0.050716,0.155269,0.346093,-0.228166,-0.188049,0.051737,0.028832,-0.095245,-0.094746,0.009931,0.076082,-0.017043,-0.047443,22.648268,0.002966,0.450842,5938.22937
4,-744.3526,43.330986,-10.193455,25.091396,-7.91227,1.641704,-10.498891,-1.65986,-9.789826,-3.170703,-14.884694,-4.701968,-5.68789,0.23907,-0.169203,-0.113739,0.184642,-0.071896,0.010042,-0.036745,0.025286,0.026845,-0.024463,-0.004864,-0.035029,0.102348,-0.163427,0.111386,0.073654,-0.098233,0.030089,-0.031454,0.059282,-0.012348,-0.040308,0.006698,0.038041,0.001886,-0.068324,20.434495,0.002436,0.438856,5976.859538
4,-707.81885,61.253628,5.490832,18.915003,-11.197448,-2.281551,-7.265826,-4.914749,-18.295753,-5.446978,-10.493257,-6.00312,-10.856959,-0.296636,0.257454,-0.025229,-0.08287,0.135894,-0.104378,0.015303,-0.001891,0.084415,-0.089982,0.010488,-0.006651,0.019739,0.049222,-0.021878,0.003254,-0.028664,-0.001839,0.024783,-0.011863,0.007959,-0.023396,-0.000039,0.024821,0.018467,-0.030041,26.374656,0.003185,0.414336,5636.814372
4,-721.5991,51.30698,-3.295677,22.84668,-3.440885,4.889343,-10.290565,-6.268097,-14.677101,-1.108945,-8.199871,-6.335974,-9.11674,2.950786,1.245788,-0.441716,0.286464,-0.15901,0.026166,-0.057392,-0.053517,-0.122031,-0.155535,-0.018838,-0.024907,0.011796,-0.835785,-0.162395,0.137584,-0.08163,0.094208,-0.087811,0.104563,-0.006139,0.072807,0.051423,0.008694,0.065492,0.007285,17.115559,0.002613,0.442638,5817.952474
4,-673.55145,72.50025,-6.053392,13.543208,-4.530559,7.460666,-12.267304,-12.025389,-20.441397,-9.485322,-8.349395,-6.675797,-13.397259,1.045951,0.526555,-0.297603,0.331274,0.322563,-0.557347,-0.509929,0.077533,0.104612,-0.033496,-0.029793,-0.030115,0.041515,-0.086361,0.004146,0.090282,-0.0241,0.000059,0.130896,0.071145,-0.016639,0.059802,0.090373,0.005189,-0.023495,0.002008,33.596409,0.003153,0.28396,4447.354126
4,-712.43317,58.19022,-2.729154,24.360212,2.944015,-3.711496,-7.156858,-4.735549,-18.146013,-5.115136,-12.59251,-9.556573,-8.505589,0,0,0,0,0,0,0,0,0,0,0,0,0,0,0,0,0,0,0,0,0,0,0,0,0,0,49.808203,0.003112,0.382846,5421.133423
1,-628.94244,67.686775,-7.605129,14.802862,-1.8423762,4.4066916,2.5165944,-5.0931983,0.35172507,1.841864,-7.598557,-0.5126374,-3.999557,0,0,-3.53E-08,-3.53E-08,5.74E-08,1.77E-08,8.83E-09,-1.77E-08,-4.42E-09,0,-8.83E-09,8.83E-09,-6.62E-09,8.83E-08,-1.77E-08,-3.53E-08,1.77E-08,5.30E-08,0,-1.77E-08,-2.21E-08,4.42E-09,-8.83E-09,-8.83E-09,-4.42E-09,-3.31E-09,19.05802652,0.008393318,0.4793972439,6435.985311
1,-1108.148,7.4161706,0.2618729,4.282705,0.7498832,1.3336409,-1.2065537,1.940872,-0.5025827,0.473058,-0.41534904,0.7884362,-0.16988869,0.09439291,0.06504706,0.07311904,0.10609965,0.014929303,0.05213563,0.04367213,-0.0251614,0.030646976,0.003373049,-0.03422013,0.034931574,-0.016855227,0.07687754,0.058038622,0.061462786,0.08638958,0.013957536,0.04155331,0.032128062,-0.019632874,0.02014718,0.0009966647,-0.02827787,0.024867637,-0.013587225,9.702755711,2.08E-05,0.8004399052,9648.619588
1,-684.31085,75.1648,-20.08308,32.894222,-13.320622,5.693525,9.980085,-9.642665,-4.9078093,4.9211974,-5.6844625,2.109457,-11.786652,0.017648062,-0.019091818,0.004262465,0.012532004,-0.023384394,0.02321743,-0.012170173,-0.004496477,0.018916033,-0.024345946,0.018334566,-0.0038307132,-0.012266547,0.0053778756,-0.0058060754,0.0012626471,0.003867273,-0.0071527604,0.0070461254,-0.003615141,-0.001497463,0.0058635254,-0.007427538,0.005478276,-0.0009732335,-0.0039331117,17.33440439,0.0035727455,0.3518676758,5266.114299
1,-720.6925,57.273907,-3.8652322,21.518492,-3.2424495,0.3317625,4.071586,-12.672791,-6.1380467,7.366163,-8.850878,-6.598113,-3.4240508,0.0006651702,0.00094039354,0.0009393427,0.0009375855,0.0009351748,0.0009321107,0.0009283313,0.0009239073,0.0009187769,0.0009130063,0.00090659107,0.0008995091,0.00089178706,0.00060469133,0.0008548631,0.0008539182,0.0008524259,0.000850183,0.0008473661,0.00084391347,0.00083992217,0.0008352421,0.00082997925,0.0008241645,0.00081772276,0.00081070705,9.523519418,0.003925245,0.5434050383,6802.548218
1,-650.86444,47.336895,-12.370374,31.35059,4.6664066,0.20982361,-1.239197,-8.8315935,-6.08642,0.661955,-11.18766,-5.6854863,-5.8721943,0,-7.06E-08,-3.53E-08,3.53E-08,-1.77E-08,0,8.83E-09,-8.83E-09,-1.77E-08,-8.83E-09,-8.83E-09,-8.83E-09,0,-3.53E-08,-3.53E-08,-3.53E-08,-1.77E-08,2.65E-08,2.65E-08,-1.32E-08,0,8.83E-09,1.99E-08,1.32E-08,8.83E-09,0,16.99817294,0.004993722,0.5150462963,6659.442139
1,-617.8528,49.343937,-3.521568,31.096132,1.7298112,2.092349,-4.933985,-9.387814,-5.6819806,-0.8285977,-11.166876,-5.9317102,-6.3704214,-1.41E-07,3.53E-08,0,3.53E-08,0,-8.83E-09,-2.65E-08,0,8.83E-09,-4.42E-09,-1.77E-08,4.42E-09,0,0,-3.53E-08,0,-3.53E-08,-2.21E-08,1.77E-08,0,-1.77E-08,1.27E-08,1.77E-08,4.42E-09,1.77E-08,0,17.91653876,0.0055015218,0.4610075774,6066.780599
1,-662.96643,39.768253,0.15668008,24.108145,-2.0760906,-1.4661351,-0.38707033,-5.543597,-7.087023,-2.0146239,-7.425446,-5.244482,-4.1995854,0.14712107,-0.17394365,0.085065804,0.024037467,-0.112680756,0.15110075,-0.13198735,0.07159966,-0.00060361845,-0.050519176,0.06447706,-0.04286019,0.0026914102,-0.09299947,0.10937105,-0.051808223,-0.01843349,0.074719176,-0.09783937,0.08355245,-0.0431113,-0.0030508395,0.035129663,-0.04249567,0.027163789,-0.0010812879,17.45669723,0.004513091,0.5548253942,6904.083252
1,-646.1934,64.12459,-12.688324,29.487883,-0.48553833,-0.5360407,-8.540459,-11.558751,-6.062216,2.3215647,-13.492199,-3.2882628,-4.9641643,-0.44284204,0.21951927,0.22764128,-0.1176097,0.01632037,-0.09879546,0.091030456,-0.02088377,-0.018552056,-0.0037439482,0.023629962,0.017572774,0.00023759902,0.2347144,-0.10628654,-0.115992725,0.0401243,-0.012465512,0.050157405,-0.025709303,0.01735085,-0.01040169,0.009843905,-0.022407515,-0.0061282823,0.005879104,16.44133699,0.005972416,0.4548385055,6012.349447
1,-614.7806,57.12238,-2.5454366,25.4527,-3.1143725,-2.6742344,-0.5215191,-8.861177,-10.019348,-0.80684674,-9.332162,-2.9776545,-4.4436345,-3.53E-08,0,8.83E-09,0,-3.53E-08,-8.83E-09,-8.83E-09,6.62E-09,2.65E-08,-8.83E-09,-8.83E-09,-2.21E-09,-2.21E-09,3.53E-08,-5.30E-08,-2.21E-08,8.83E-09,1.77E-08,2.65E-08,2.21E-09,8.83E-09,3.53E-08,-4.42E-09,-8.83E-09,2.21E-09,6.62E-09,17.62765391,0.006228415,0.4475188079,5778.325399
1,-617.66656,56.849697,-8.308876,10.773839,-4.3044195,-3.0549128,-1.1562884,-6.854019,-8.681795,0.5984267,-4.474819,-2.6702738,-1.6075997,1.41E-07,0,0,-1.77E-08,-1.77E-08,0,8.83E-09,0,8.83E-09,-4.42E-09,0,0,8.83E-09,7.06E-08,3.53E-08,-8.83E-09,0,-2.21E-08,-8.83E-09,4.42E-09,-1.43E-08,4.42E-09,-2.21E-09,0,0,4.42E-09,21.76351115,0.0075791697,0.5569322374,6812.068685
1,-620.53125,52.88201,-10.164153,24.494236,4.267083,0.047233015,-7.988747,-7.889984,-8.595221,1.1227992,-7.957697,-5.0458994,-4.7189765,-1.41E-07,1.06E-07,0,1.77E-08,1.77E-08,0,0,-2.65E-08,0,-2.21E-08,8.83E-09,4.42E-09,-1.10E-09,0,3.53E-08,0,1.77E-08,-8.83E-09,0,8.83E-09,-1.77E-08,-1.77E-08,-8.83E-09,-1.32E-08,6.62E-09,0,18.46348329,0.006575788,0.4641542788,5974.167887
1,-564.71155,43.338135,0.48122406,23.467258,-0.7903804,-6.963878,-2.0352187,-4.508747,-6.834223,-5.013098,-8.067269,-1.4980714,-3.976109,0,5.30E-08,-3.53E-08,-3.53E-08,-1.77E-08,-1.77E-08,4.42E-09,0,8.83E-09,0,0,0,-8.83E-09,1.77E-08,-3.53E-08,-4.42E-09,-4.42E-09,2.21E-08,-3.53E-08,-1.77E-08,4.42E-09,0,4.42E-09,1.10E-08,-8.83E-09,-2.21E-09,21.68890269,0.0071282266,0.4384336118,5830.413818
1,-585.3471,60.857983,-14.733262,23.404125,-1.8471575,1.035927,-9.327641,-9.356851,-10.199635,-3.3851666,-8.800581,-3.766627,-7.7722406,-0.050803926,-0.07029738,-0.06575657,-0.058546454,-0.049168948,-0.038260706,-0.02653583,-0.014722948,-0.0035036404,0.006542321,0.01497851,0.021537665,0.02612914,0.029948464,0.041287582,0.03817381,0.03325724,0.026918786,0.019638963,0.011951177,0.004391997,-0.0025477586,-0.008465092,-0.013076345,-0.016235026,-0.017934294,20.88144908,0.0068843407,0.3519716616,4838.839722
1,-559.0364,72.23131,-11.299602,21.397774,4.1448574,-0.9850563,1.0255779,-14.072251,-10.127521,0.55466056,-9.313656,-5.406876,-6.635621,1.41E-07,-7.06E-08,1.77E-08,-2.65E-08,0,1.77E-08,1.77E-08,0,-1.77E-08,8.83E-09,1.77E-08,-4.42E-09,6.62E-09,-1.77E-08,-7.06E-08,3.53E-08,2.65E-08,4.42E-09,0,-1.32E-08,1.32E-08,-1.77E-08,-1.77E-08,8.83E-09,4.42E-09,6.62E-09,27.76474409,0.010780648,0.3718939887,5215.222168
1,-671.0317,59.619987,-13.359479,40.702538,4.0227146,-0.7285518,0.59178627,-6.5610785,-6.78455,-0.24517596,-9.858466,-1.1473422,-5.998368,-1.41E-07,-7.06E-08,1.77E-08,-3.53E-08,8.83E-09,7.95E-08,-8.83E-09,1.77E-08,0,8.83E-09,1.32E-08,-6.62E-09,-8.83E-09,-7.06E-08,-6.18E-08,-8.83E-09,-2.65E-08,4.42E-09,4.86E-08,2.21E-08,4.42E-09,-1.99E-08,1.10E-09,-8.83E-09,-8.83E-09,0,18.69450207,0.0048938273,0.4410264757,6302.200317
1,-649.22784,58.617466,-21.633888,38.54909,2.786275,-7.0893497,3.6252227,-4.562889,-2.0603154,0.62755173,-10.986515,-0.28983837,-5.0711637,6.18E-08,7.06E-08,8.83E-08,8.83E-09,1.77E-08,0,0,-4.42E-09,0,-1.77E-08,2.21E-09,-8.83E-09,1.10E-09,-6.18E-08,-1.77E-08,7.06E-08,2.21E-08,1.77E-08,1.77E-08,0,-8.83E-09,-1.77E-08,8.83E-09,-1.21E-08,-7.73E-09,-8.83E-09,16.69380324,0.005197342,0.4314891674,6056.013997
1,-728.1493,63.766624,18.537483,15.476876,4.626829,2.231592,-0.38568357,-0.44019806,-0.7322659,-3.6088703,-3.7603912,3.3312445,-3.459667,-1.0071884,0.42259583,0.0949034,0.25483724,0.11730252,-0.09244295,-0.079668894,-0.18439104,0.14561538,-0.019169012,-0.15989238,0.06264612,0.066771,0.06364699,-0.118145436,-0.0015781278,-0.005660728,-0.022443278,-0.023386015,-0.033526424,-0.008734698,-0.026120253,-0.039340004,-0.009226503,-0.016408753,-0.013588897,14.80351299,0.0022007022,0.06143075448,2927.767944
1,-617.10626,58.099655,15.191096,13.379994,-0.77388567,4.75282,2.0651133,-6.94184,-2.5547957,1.2814252,3.8770065,3.9171808,-10.31148,-0.4401508,0.44174588,-0.09597282,-0.08568681,0.044280466,0.017944777,0.0260898,-0.08978195,0.07165153,-0.013280584,-0.009708272,0.019930713,-0.062386937,0.2021531,-0.18265541,-0.006660294,0.08429966,-0.025452614,-0.034533605,0.015688326,0.0240419,-0.020233419,-3.55E-05,-0.0068926327,0.01737075,0.005067123,20.84123226,0.0051610433,0.1251763238,4001.836141
1,-667.89844,46.477196,21.575052,26.149216,12.417033,5.516,-2.3560226,-4.346645,-0.28481424,-1.0111749,-5.1452,-0.79666466,-6.31181,-0.01545461,-0.00014139105,0.015266771,0.005760581,-0.0056461403,-0.012217557,-0.002680911,0.014057883,0.011669044,-0.01606877,-0.011779317,0.00979312,0.0084226355,-0.003873154,-0.003362232,0.005011912,0.009688748,-0.005490891,-0.011075572,0.0044674696,0.006791755,0.0013926647,-0.002924482,-0.007163825,-0.00012922287,0.01052151,19.78266384,0.004155892,0.1223189742,3924.575806
1,-599.37744,43.670654,13.652813,16.80305,9.077407,-0.4314465,-6.324859,-2.3010504,0.17431754,-2.4681842,-2.9721043,1.7581673,-5.958143,-0.26376224,0.26237056,-0.050137695,-0.094240144,0.14243077,-0.11968943,0.063522786,-0.049903598,0.07098459,-0.027400926,-0.06575814,0.0935974,-0.04981524,0.11368891,-0.11668658,0.013094195,0.07060485,-0.07116027,0.021926606,0.0011517031,0.012498926,-0.02541543,0.020592466,-0.00011536037,-0.022371985,0.019101776,17.30245207,0.0039450484,0.1568965205,4620.616659
1,-720.74146,39.02945,12.007378,19.066027,8.603265,-1.2877383,-0.97888523,-4.085552,-2.9130812,-2.059847,-5.139607,-0.27255747,-5.450357,-0.11400622,0.4353865,0.23215581,0.60278475,0.400477,-0.07270913,0.13197975,-0.062495675,0.008511398,-0.1009123,-0.03716496,0.020382121,-0.07065323,-0.5740384,0.020367863,-0.051223844,-0.2075715,0.044478625,0.082520306,0.059931774,-0.06583711,0.0024575072,0.04417538,0.11821123,-0.021759465,0.0061514475,17.35294959,0.002788488,0.1057942708,4005.923462
1,-668.95013,45.10361,23.346142,18.454699,4.365606,2.075958,6.0752993,0.57423556,-4.9486523,0.72367257,-8.64583,1.311317,-4.1549373,-0.050460603,0.0017531713,0.08440922,0.06772928,-0.028289972,-0.061791614,0.03237002,0.08446211,0.04044033,-0.04695423,-0.037350133,0.0523639,0.06882928,-0.048941296,-0.021919992,0.038148493,0.026420267,-0.041553587,-0.062164005,-0.0004252151,0.039804395,0.008774073,-0.05209679,-0.04399536,0.015247102,0.031867106,20.56380994,0.00408023,0.08460376881,3587.521362
1,-619.0718,50.724106,18.793995,23.436722,9.528045,4.879108,-8.369226,-3.139694,0.74350554,0.8575832,-3.276153,3.082201,-5.571345,-0.08078159,-0.03414366,0.09276999,0.08828216,-0.038071092,-0.106893204,-0.02577934,0.08553028,0.072643846,-0.037517667,-0.08682777,-0.014275317,0.069053285,-0.008638859,-0.0037582186,0.009776892,0.00960958,-0.0036427975,-0.011343845,-0.003294702,0.008618725,0.00803286,-0.0032002837,-0.0089920005,-0.0021923427,0.0066053383,19.23392881,0.005498333,0.1361355252,3989.12557
1,-642.69196,59.144657,17.220764,15.356129,0.45924956,4.795255,-1.9026664,-4.4531455,-0.2447431,-3.4494302,-2.699223,1.2426331,-6.964904,0.027295642,-0.011296308,-0.017615248,-0.007938553,0.039005075,-0.017383695,-0.013538376,-0.0040935986,0.03158943,-0.011458097,-0.023346446,0.016623378,0.006335594,-0.06388534,0.04740806,0.0019113047,0.025868809,-0.05857156,0.015320919,0.033934806,-0.0068412223,-0.033726692,0.0068984604,0.03367583,-0.013574254,-0.019854978,13.93728668,0.004203713,0.1105143229,3161.592611
1,-602.2147,61.01939,7.223806,12.721793,5.7073946,-0.02775708,-2.2030222,-4.7327094,-4.579405,-2.3399982,-2.421187,1.9703631,-4.3008246,-0.02087307,0.007500472,0.00628648,0.011958776,-0.00013543942,-0.025648816,0.008888298,0.0046819933,0.015024035,-0.008111203,-0.01787338,0.0051462674,0.008438945,-0.0070516975,0.0027464407,0.0016071752,0.00474513,-0.0010728659,-0.0073907906,0.0018949641,0.0024096128,0.004461977,-0.0025178636,-0.005879963,0.0015127416,0.0030904566,21.02391652,0.0060002715,0.1191948785,3894.668579
1,-616.70715,47.828854,20.732138,20.845793,12.516007,4.690863,-4.1644,-2.2856457,0.48366743,0.49809146,-6.5912223,4.1674886,-7.4105616,-0.039050207,-0.019141832,0.028505502,0.052515738,0.008918532,-0.035343222,-0.04499418,0.00036481576,0.03857205,0.034301206,-0.0072722435,-0.03794506,-0.022630658,-0.019692386,-0.009432016,0.0141088255,0.026483713,0.0043783365,-0.017588325,-0.022691198,0.00018110099,0.019321641,0.0172946,-0.0035645785,-0.019159237,-0.011394225,28.76492798,0.005778997,0.1257233796,3877.422078
1,-622.73584,46.674583,22.444958,18.800663,4.119372,4.1403446,3.402835,-1.232271,-3.366086,0.50939167,-6.6699347,2.8379557,-5.56781,0.22291163,-0.36298996,-0.17418545,0.037280187,-0.056860343,-0.17591508,-0.1590946,-0.059480306,0.012504648,-0.024152959,-0.13106042,-0.12911195,-0.020802021,0.17239892,-0.074938476,-0.06174462,-0.0007504534,0.008269142,0.028447814,0.018943893,-0.0046082074,-0.017481998,-0.019550165,0.009425614,0.01304717,-0.0044637653,22.17993248,0.004627442,0.1077541775,3774.740601
1,-618.831,46.82259,24.00706,17.302574,8.509932,7.036734,-3.447054,-2.9750478,-1.1601565,-3.0090072,-5.8918447,1.7669245,-5.299847,-0.080214605,-0.039208658,0.07908748,0.0919573,-0.002801012,-0.08824752,-0.06016309,0.039638147,0.07447294,0.01540919,-0.04757993,-0.044713553,0.010925421,-0.039041907,-0.019278066,0.038404483,0.0451542,-0.0009867836,-0.043110758,-0.030086076,0.018779954,0.037279032,0.008855601,-0.02369672,-0.023638789,0.004479041,17.45722621,0.004933264,0.1220409252,3533.538818
1,-637.9563,67.104355,13.852026,16.089521,9.102584,4.3701234,-0.52522093,-9.343755,-3.695874,-3.052891,-4.656211,1.0955906,-8.150285,-0.10657685,-0.008586531,0.052356824,0.1130743,0.0061596762,-0.111993454,-0.046916936,0.0035012828,0.11825504,0.018323872,-0.04582684,-0.06806791,-0.017524207,-0.0074907937,-0.00197619,0.0049306024,0.00875382,0.00041943567,-0.007935701,-0.005239398,0.001258073,0.008202253,0.0028839288,-0.0036025401,-0.0059671844,-0.0014961472,19.9600885,0.0048021977,0.08240876374,3247.226969
1,-606.24304,50.26131,18.031582,22.862688,11.942932,1.6620909,-4.827603,-2.4151545,-4.6993594,-4.652679,-6.968542,1.27316,-6.853951,-0.04384281,0.023913277,0.004744512,0.016111197,0.009420996,-0.053546283,0.02992448,-0.0055395896,0.024917664,-0.009713935,-0.033278678,0.02984885,-0.012341632,0.005367738,-0.0052826316,0.0020647226,-0.00036274944,-0.0030224721,0.0066277892,-0.0060772453,0.0037983346,-0.0026883592,-9.36E-05,0.0043002586,-0.0054948064,0.004443999,56.98985557,0.0045645987,0.1521516023,4297.120158
1,-588.3297,47.90034,21.643082,24.661055,14.945921,-3.2672083,-5.9085703,-7.0769324,-4.404586,-6.67778,-8.954929,4.31998,-8.212241,-0.0025350077,-0.0008601789,0.0031708435,0.0023802652,-0.0020253041,-0.0033472115,0.00041636714,0.003538211,0.0012803188,-0.0029126804,-0.002670553,0.0016211404,0.0034342695,0.00017715384,6.13E-05,-0.00022056367,-0.00016934784,0.00013745272,0.00023648916,-2.16E-05,-0.00024674114,-9.92E-05,0.00019777262,0.00019575932,-0.0001015619,-0.00024498612,24.57215363,0.007255957,0.1340784144,4012.004598
1,-628.94244,67.686775,-7.605129,14.802862,-1.8423762,4.4066916,2.5165944,-5.0931983,0.35172507,1.841864,-7.598557,-0.5126374,-3.999557,0,0,-3.53E-08,-3.53E-08,5.74E-08,1.77E-08,8.83E-09,-1.77E-08,-4.42E-09,0,-8.83E-09,8.83E-09,-6.62E-09,8.83E-08,-1.77E-08,-3.53E-08,1.77E-08,5.30E-08,0,-1.77E-08,-2.21E-08,4.42E-09,-8.83E-09,-8.83E-09,-4.42E-09,-3.31E-09,19.05802652,0.008393318,0.4793972439,6435.985311
1,-1108.148,7.4161706,0.2618729,4.282705,0.7498832,1.3336409,-1.2065537,1.940872,-0.5025827,0.473058,-0.41534904,0.7884362,-0.16988869,0.09439291,0.06504706,0.07311904,0.10609965,0.014929303,0.05213563,0.04367213,-0.0251614,0.030646976,0.003373049,-0.03422013,0.034931574,-0.016855227,0.07687754,0.058038622,0.061462786,0.08638958,0.013957536,0.04155331,0.032128062,-0.019632874,0.02014718,0.0009966647,-0.02827787,0.024867637,-0.013587225,9.702755711,2.08E-05,0.8004399052,9648.619588
1,-684.31085,75.1648,-20.08308,32.894222,-13.320622,5.693525,9.980085,-9.642665,-4.9078093,4.9211974,-5.6844625,2.109457,-11.786652,0.017648062,-0.019091818,0.004262465,0.012532004,-0.023384394,0.02321743,-0.012170173,-0.004496477,0.018916033,-0.024345946,0.018334566,-0.0038307132,-0.012266547,0.0053778756,-0.0058060754,0.0012626471,0.003867273,-0.0071527604,0.0070461254,-0.003615141,-0.001497463,0.0058635254,-0.007427538,0.005478276,-0.0009732335,-0.0039331117,17.33440439,0.0035727455,0.3518676758,5266.114299
1,-720.6925,57.273907,-3.8652322,21.518492,-3.2424495,0.3317625,4.071586,-12.672791,-6.1380467,7.366163,-8.850878,-6.598113,-3.4240508,0.0006651702,0.00094039354,0.0009393427,0.0009375855,0.0009351748,0.0009321107,0.0009283313,0.0009239073,0.0009187769,0.0009130063,0.00090659107,0.0008995091,0.00089178706,0.00060469133,0.0008548631,0.0008539182,0.0008524259,0.000850183,0.0008473661,0.00084391347,0.00083992217,0.0008352421,0.00082997925,0.0008241645,0.00081772276,0.00081070705,9.523519418,0.003925245,0.5434050383,6802.548218
1,-650.86444,47.336895,-12.370374,31.35059,4.6664066,0.20982361,-1.239197,-8.8315935,-6.08642,0.661955,-11.18766,-5.6854863,-5.8721943,0,-7.06E-08,-3.53E-08,3.53E-08,-1.77E-08,0,8.83E-09,-8.83E-09,-1.77E-08,-8.83E-09,-8.83E-09,-8.83E-09,0,-3.53E-08,-3.53E-08,-3.53E-08,-1.77E-08,2.65E-08,2.65E-08,-1.32E-08,0,8.83E-09,1.99E-08,1.32E-08,8.83E-09,0,16.99817294,0.004993722,0.5150462963,6659.442139
1,-617.8528,49.343937,-3.521568,31.096132,1.7298112,2.092349,-4.933985,-9.387814,-5.6819806,-0.8285977,-11.166876,-5.9317102,-6.3704214,-1.41E-07,3.53E-08,0,3.53E-08,0,-8.83E-09,-2.65E-08,0,8.83E-09,-4.42E-09,-1.77E-08,4.42E-09,0,0,-3.53E-08,0,-3.53E-08,-2.21E-08,1.77E-08,0,-1.77E-08,1.27E-08,1.77E-08,4.42E-09,1.77E-08,0,17.91653876,0.0055015218,0.4610075774,6066.780599
1,-662.96643,39.768253,0.15668008,24.108145,-2.0760906,-1.4661351,-0.38707033,-5.543597,-7.087023,-2.0146239,-7.425446,-5.244482,-4.1995854,0.14712107,-0.17394365,0.085065804,0.024037467,-0.112680756,0.15110075,-0.13198735,0.07159966,-0.00060361845,-0.050519176,0.06447706,-0.04286019,0.0026914102,-0.09299947,0.10937105,-0.051808223,-0.01843349,0.074719176,-0.09783937,0.08355245,-0.0431113,-0.0030508395,0.035129663,-0.04249567,0.027163789,-0.0010812879,17.45669723,0.004513091,0.5548253942,6904.083252
1,-646.1934,64.12459,-12.688324,29.487883,-0.48553833,-0.5360407,-8.540459,-11.558751,-6.062216,2.3215647,-13.492199,-3.2882628,-4.9641643,-0.44284204,0.21951927,0.22764128,-0.1176097,0.01632037,-0.09879546,0.091030456,-0.02088377,-0.018552056,-0.0037439482,0.023629962,0.017572774,0.00023759902,0.2347144,-0.10628654,-0.115992725,0.0401243,-0.012465512,0.050157405,-0.025709303,0.01735085,-0.01040169,0.009843905,-0.022407515,-0.0061282823,0.005879104,16.44133699,0.005972416,0.4548385055,6012.349447
1,-614.7806,57.12238,-2.5454366,25.4527,-3.1143725,-2.6742344,-0.5215191,-8.861177,-10.019348,-0.80684674,-9.332162,-2.9776545,-4.4436345,-3.53E-08,0,8.83E-09,0,-3.53E-08,-8.83E-09,-8.83E-09,6.62E-09,2.65E-08,-8.83E-09,-8.83E-09,-2.21E-09,-2.21E-09,3.53E-08,-5.30E-08,-2.21E-08,8.83E-09,1.77E-08,2.65E-08,2.21E-09,8.83E-09,3.53E-08,-4.42E-09,-8.83E-09,2.21E-09,6.62E-09,17.62765391,0.006228415,0.4475188079,5778.325399
1,-617.66656,56.849697,-8.308876,10.773839,-4.3044195,-3.0549128,-1.1562884,-6.854019,-8.681795,0.5984267,-4.474819,-2.6702738,-1.6075997,1.41E-07,0,0,-1.77E-08,-1.77E-08,0,8.83E-09,0,8.83E-09,-4.42E-09,0,0,8.83E-09,7.06E-08,3.53E-08,-8.83E-09,0,-2.21E-08,-8.83E-09,4.42E-09,-1.43E-08,4.42E-09,-2.21E-09,0,0,4.42E-09,21.76351115,0.0075791697,0.5569322374,6812.068685
1,-620.53125,52.88201,-10.164153,24.494236,4.267083,0.047233015,-7.988747,-7.889984,-8.595221,1.1227992,-7.957697,-5.0458994,-4.7189765,-1.41E-07,1.06E-07,0,1.77E-08,1.77E-08,0,0,-2.65E-08,0,-2.21E-08,8.83E-09,4.42E-09,-1.10E-09,0,3.53E-08,0,1.77E-08,-8.83E-09,0,8.83E-09,-1.77E-08,-1.77E-08,-8.83E-09,-1.32E-08,6.62E-09,0,18.46348329,0.006575788,0.4641542788,5974.167887
1,-564.71155,43.338135,0.48122406,23.467258,-0.7903804,-6.963878,-2.0352187,-4.508747,-6.834223,-5.013098,-8.067269,-1.4980714,-3.976109,0,5.30E-08,-3.53E-08,-3.53E-08,-1.77E-08,-1.77E-08,4.42E-09,0,8.83E-09,0,0,0,-8.83E-09,1.77E-08,-3.53E-08,-4.42E-09,-4.42E-09,2.21E-08,-3.53E-08,-1.77E-08,4.42E-09,0,4.42E-09,1.10E-08,-8.83E-09,-2.21E-09,21.68890269,0.0071282266,0.4384336118,5830.413818
1,-585.3471,60.857983,-14.733262,23.404125,-1.8471575,1.035927,-9.327641,-9.356851,-10.199635,-3.3851666,-8.800581,-3.766627,-7.7722406,-0.050803926,-0.07029738,-0.06575657,-0.058546454,-0.049168948,-0.038260706,-0.02653583,-0.014722948,-0.0035036404,0.006542321,0.01497851,0.021537665,0.02612914,0.029948464,0.041287582,0.03817381,0.03325724,0.026918786,0.019638963,0.011951177,0.004391997,-0.0025477586,-0.008465092,-0.013076345,-0.016235026,-0.017934294,20.88144908,0.0068843407,0.3519716616,4838.839722
1,-559.0364,72.23131,-11.299602,21.397774,4.1448574,-0.9850563,1.0255779,-14.072251,-10.127521,0.55466056,-9.313656,-5.406876,-6.635621,1.41E-07,-7.06E-08,1.77E-08,-2.65E-08,0,1.77E-08,1.77E-08,0,-1.77E-08,8.83E-09,1.77E-08,-4.42E-09,6.62E-09,-1.77E-08,-7.06E-08,3.53E-08,2.65E-08,4.42E-09,0,-1.32E-08,1.32E-08,-1.77E-08,-1.77E-08,8.83E-09,4.42E-09,6.62E-09,27.76474409,0.010780648,0.3718939887,5215.222168
1,-671.0317,59.619987,-13.359479,40.702538,4.0227146,-0.7285518,0.59178627,-6.5610785,-6.78455,-0.24517596,-9.858466,-1.1473422,-5.998368,-1.41E-07,-7.06E-08,1.77E-08,-3.53E-08,8.83E-09,7.95E-08,-8.83E-09,1.77E-08,0,8.83E-09,1.32E-08,-6.62E-09,-8.83E-09,-7.06E-08,-6.18E-08,-8.83E-09,-2.65E-08,4.42E-09,4.86E-08,2.21E-08,4.42E-09,-1.99E-08,1.10E-09,-8.83E-09,-8.83E-09,0,18.69450207,0.0048938273,0.4410264757,6302.200317
1,-649.22784,58.617466,-21.633888,38.54909,2.786275,-7.0893497,3.6252227,-4.562889,-2.0603154,0.62755173,-10.986515,-0.28983837,-5.0711637,6.18E-08,7.06E-08,8.83E-08,8.83E-09,1.77E-08,0,0,-4.42E-09,0,-1.77E-08,2.21E-09,-8.83E-09,1.10E-09,-6.18E-08,-1.77E-08,7.06E-08,2.21E-08,1.77E-08,1.77E-08,0,-8.83E-09,-1.77E-08,8.83E-09,-1.21E-08,-7.73E-09,-8.83E-09,16.69380324,0.005197342,0.4314891674,6056.013997
3,-728.1493,63.766624,18.537483,15.476876,4.626829,2.231592,-0.385684,-0.440198,-0.732266,-3.60887,-3.760391,3.331244,-3.459667,-1.007188,0.422596,0.094903,0.254837,0.117303,-0.092443,-0.079669,-0.184391,0.145615,-0.019169,-0.159892,0.062646,0.066771,0.063647,-0.118145,-0.001578,-0.005661,-0.022443,-0.023386,-0.033526,-0.008735,-0.02612,-0.03934,-0.009227,-0.016409,-0.013589,14.803513,0.002201,0.061431,2927.767944
3,-617.10626,58.099655,15.191096,13.379994,-0.773886,4.75282,2.065113,-6.94184,-2.554796,1.281425,3.877006,3.917181,-10.31148,-0.440151,0.441746,-0.095973,-0.085687,0.04428,0.017945,0.02609,-0.089782,0.071652,-0.013281,-0.009708,0.019931,-0.062387,0.202153,-0.182655,-0.00666,0.0843,-0.025453,-0.034534,0.015688,0.024042,-0.020233,-3.55E-05,-0.006893,0.017371,0.005067,20.841232,0.005161,0.125176,4001.836141
3,-667.89844,46.477196,21.575052,26.149216,12.417033,5.516,-2.356023,-4.346645,-0.284814,-1.011175,-5.1452,-0.796665,-6.31181,-0.015455,-0.000141,0.015267,0.005761,-0.005646,-0.012218,-0.002681,0.014058,0.011669,-0.016069,-0.011779,0.009793,0.008423,-0.003873,-0.003362,0.005012,0.009689,-0.005491,-0.011076,0.004467,0.006792,0.001393,-0.002924,-0.007164,-0.000129,0.010522,19.782664,0.004156,0.122319,3924.575806
3,-599.37744,43.670654,13.652813,16.80305,9.077407,-0.431447,-6.324859,-2.30105,0.174318,-2.468184,-2.972104,1.758167,-5.958143,-0.263762,0.262371,-0.050138,-0.09424,0.142431,-0.119689,0.063523,-0.049904,0.070985,-0.027401,-0.065758,0.093597,-0.049815,0.113689,-0.116687,0.013094,0.070605,-0.07116,0.021927,0.001152,0.012499,-0.025415,0.020592,-0.000115,-0.022372,0.019102,17.302452,0.003945,0.156897,4620.616659
3,-720.74146,39.02945,12.007378,19.066027,8.603265,-1.287738,-0.978885,-4.085552,-2.913081,-2.059847,-5.139607,-0.272557,-5.450357,-0.114006,0.435387,0.232156,0.602785,0.400477,-0.072709,0.13198,-0.062496,0.008511,-0.100912,-0.037165,0.020382,-0.070653,-0.574038,0.020368,-0.051224,-0.207571,0.044479,0.08252,0.059932,-0.065837,0.002458,0.044175,0.118211,-0.021759,0.006151,17.35295,0.002788,0.105794,4005.923462
3,-668.95013,45.10361,23.346142,18.454699,4.365606,2.075958,6.075299,0.574236,-4.948652,0.723673,-8.64583,1.311317,-4.154937,-0.050461,0.001753,0.084409,0.067729,-0.02829,-0.061792,0.03237,0.084462,0.04044,-0.046954,-0.03735,0.052364,0.068829,-0.048941,-0.02192,0.038148,0.02642,-0.041554,-0.062164,-0.000425,0.039804,0.008774,-0.052097,-0.043995,0.015247,0.031867,20.56381,0.00408,0.084604,3587.521362
3,-619.0718,50.724106,18.793995,23.436722,9.528045,4.879108,-8.369226,-3.139694,0.743506,0.857583,-3.276153,3.082201,-5.571345,-0.080782,-0.034144,0.09277,0.088282,-0.038071,-0.106893,-0.025779,0.08553,0.072644,-0.037518,-0.086828,-0.014275,0.069053,-0.008639,-0.003758,0.009777,0.00961,-0.003643,-0.011344,-0.003295,0.008619,0.008033,-0.0032,-0.008992,-0.002192,0.006605,19.233929,0.005498,0.136136,3989.12557
3,-642.69196,59.144657,17.220764,15.356129,0.45925,4.795255,-1.902666,-4.453145,-0.244743,-3.44943,-2.699223,1.242633,-6.964904,0.027296,-0.011296,-0.017615,-0.007939,0.039005,-0.017384,-0.013538,-0.004094,0.031589,-0.011458,-0.023346,0.016623,0.006336,-0.063885,0.047408,0.001911,0.025869,-0.058572,0.015321,0.033935,-0.006841,-0.033727,0.006898,0.033676,-0.013574,-0.019855,13.937287,0.004204,0.110514,3161.592611
3,-602.2147,61.01939,7.223806,12.721793,5.707395,-0.027757,-2.203022,-4.732709,-4.579405,-2.339998,-2.421187,1.970363,-4.300825,-0.020873,0.0075,0.006286,0.011959,-0.000135,-0.025649,0.008888,0.004682,0.015024,-0.008111,-0.017873,0.005146,0.008439,-0.007052,0.002746,0.001607,0.004745,-0.001073,-0.007391,0.001895,0.00241,0.004462,-0.002518,-0.00588,0.001513,0.00309,21.023917,0.006,0.119195,3894.668579
3,-616.70715,47.828854,20.732138,20.845793,12.516007,4.690863,-4.1644,-2.285646,0.483667,0.498091,-6.591222,4.167489,-7.410562,-0.03905,-0.019142,0.028506,0.052516,0.008919,-0.035343,-0.044994,0.000365,0.038572,0.034301,-0.007272,-0.037945,-0.022631,-0.019692,-0.009432,0.014109,0.026484,0.004378,-0.017588,-0.022691,0.000181,0.019322,0.017295,-0.003565,-0.019159,-0.011394,28.764928,0.005779,0.125723,3877.422078
3,-622.73584,46.674583,22.444958,18.800663,4.119372,4.140345,3.402835,-1.232271,-3.366086,0.509392,-6.669935,2.837956,-5.56781,0.222912,-0.36299,-0.174185,0.03728,-0.05686,-0.175915,-0.159095,-0.05948,0.012505,-0.024153,-0.13106,-0.129112,-0.020802,0.172399,-0.074938,-0.061745,-0.00075,0.008269,0.028448,0.018944,-0.004608,-0.017482,-0.01955,0.009426,0.013047,-0.004464,22.179932,0.004627,0.107754,3774.740601
3,-618.831,46.82259,24.00706,17.302574,8.509932,7.036734,-3.447054,-2.975048,-1.160157,-3.009007,-5.891845,1.766925,-5.299847,-0.080215,-0.039209,0.079087,0.091957,-0.002801,-0.088248,-0.060163,0.039638,0.074473,0.015409,-0.04758,-0.044714,0.010925,-0.039042,-0.019278,0.038404,0.045154,-0.000987,-0.043111,-0.030086,0.01878,0.037279,0.008856,-0.023697,-0.023639,0.004479,17.457226,0.004933,0.122041,3533.538818
3,-637.9563,67.104355,13.852026,16.089521,9.102584,4.370123,-0.525221,-9.343755,-3.695874,-3.052891,-4.656211,1.095591,-8.150285,-0.106577,-0.008587,0.052357,0.113074,0.00616,-0.111993,-0.046917,0.003501,0.118255,0.018324,-0.045827,-0.068068,-0.017524,-0.007491,-0.001976,0.004931,0.008754,0.000419,-0.007936,-0.005239,0.001258,0.008202,0.002884,-0.003603,-0.005967,-0.001496,19.960089,0.004802,0.082409,3247.226969
3,-606.24304,50.26131,18.031582,22.862688,11.942932,1.662091,-4.827603,-2.415154,-4.699359,-4.652679,-6.968542,1.27316,-6.853951,-0.043843,0.023913,0.004745,0.016111,0.009421,-0.053546,0.029924,-0.00554,0.024918,-0.009714,-0.033279,0.029849,-0.012342,0.005368,-0.005283,0.002065,-0.000363,-0.003022,0.006628,-0.006077,0.003798,-0.002688,-9.36E-05,0.0043,-0.005495,0.004444,56.989856,0.004565,0.152152,4297.120158
3,-588.3297,47.90034,21.643082,24.661055,14.945921,-3.267208,-5.90857,-7.076932,-4.404586,-6.67778,-8.954929,4.31998,-8.212241,-0.002535,-0.00086,0.003171,0.00238,-0.002025,-0.003347,0.000416,0.003538,0.00128,-0.002913,-0.002671,0.001621,0.003434,0.000177,6.13E-05,-0.000221,-0.000169,0.000137,0.000236,-2.16E-05,-0.000247,-9.92E-05,0.000198,0.000196,-0.000102,-0.000245,24.572154,0.007256,0.134078,4012.004598
3,-439.33267,42.9354,17.266249,30.181797,3.271298,-2.648677,-1.452851,-6.422567,-6.224839,-3.364395,-6.665412,5.895083,-4.7148,-1.188807,-0.399471,-0.074334,-0.12985,-0.07989,-0.09802,-0.066631,-0.079907,-0.059931,-0.061064,-0.052916,-0.0448,-0.05522,0.790175,0.216449,-0.003254,0.034566,0.001053,0.013792,-0.006957,0.00268,-0.010158,-0.008527,-0.013198,-0.017678,-0.009726,56.603321,0.067817,0.066827,2813.173421
3,-561.9792,48.884087,21.021072,16.969088,8.404084,4.151112,-0.503896,-1.856845,-3.164506,0.832349,-3.798255,3.28847,-2.774359,-0.002243,0.043873,0.014313,0.019936,0.035306,0.003112,0.034797,0.015383,0.017055,0.024736,0.008011,0.020958,0.016167,0.013262,-0.004838,0.014196,0.004373,0.004822,0.007009,0.005754,0.002855,0.010891,-0.002419,0.008683,0.001949,0.002564,15.227279,0.01173,0.23322,5339.337158
3,-464.3203,58.67364,15.91656,10.272387,7.599665,6.877395,-1.799,-2.364322,0.775549,3.022138,3.369035,7.375466,-3.195473,-1.304461,-0.402924,-0.067327,-0.135515,-0.067115,-0.095285,-0.06702,-0.077079,-0.06008,-0.054269,-0.051205,-0.047879,-0.049272,0.871689,0.223506,-0.003258,0.043141,-0.0028,0.016725,-0.001912,0.005564,-0.005237,-0.008274,-0.009519,-0.01078,-0.008899,17.771504,0.042759,0.087242,2981.999715
3,-466.0469,45.699787,12.932245,10.968146,5.661934,0.608263,-2.316999,-4.569045,-3.937207,-2.891219,-2.504868,2.338294,-1.864828,0.010483,0.018531,0.020967,0.019395,0.016817,0.015535,0.018343,0.019893,0.018097,0.013747,0.014734,0.018545,0.016764,0.006625,0.010422,0.012149,0.010547,0.009839,0.010208,0.009484,0.011614,0.010296,0.008051,0.009206,0.010066,0.009554,25.843226,0.018694,0.070851,3406.333415
3,-491.42795,62.90173,22.768654,16.066044,2.968841,8.983517,0.621642,-4.837305,0.835789,1.276934,4.515298,7.297092,-5.468814,-0.103761,-0.044495,-0.006677,-0.063931,-0.115936,-0.067906,0.021203,-0.079322,-0.10135,-0.045734,0.001583,-0.041815,-0.112032,-0.026715,-0.049303,-0.023725,-0.033566,-0.050271,-0.027823,-0.031293,-0.011054,-0.041028,-0.025569,-0.004464,-0.014309,-0.009588,40.898097,0.018645,0.125488,3475.967407
3,-516.1825,39.64241,20.072409,21.325466,7.471024,4.79216,-1.143866,-4.280613,-1.641044,-1.358548,-1.731707,1.107061,-3.213437,-7.35E-05,-0.000667,-0.001395,-0.000991,-9.22E-05,-0.000339,-0.0014,-0.001291,-5.85E-05,-2.74E-05,-0.001407,-0.001546,-8.80E-06,0.000301,-0.00027,-0.001087,-0.000512,0.000426,-2.72E-05,-0.001079,-0.000741,0.000424,0.000202,-0.001063,-0.000945,0.000418,10.028199,0.016895,0.120902,4032.540894
3,-483.2453,40.721733,19.603407,22.901999,8.987806,3.254729,-1.184393,-3.766802,-0.870104,-1.436579,-5.27423,4.636878,-4.161039,0.002447,0.000376,-0.0028,0.000187,0.003439,0.000549,-0.002785,-1.48E-05,0.003372,0.000702,-0.002756,-0.000224,0.003263,0.001547,-0.000146,-0.002539,-0.000269,0.002181,-1.50E-05,-0.00251,-0.000382,0.002162,0.00012,-0.002451,-0.000483,0.002128,61.722786,0.01684,0.113491,4094.897461
3,-508.8334,56.03024,13.722637,15.700387,3.798041,6.439936,1.5893,-7.98801,-1.893333,-1.035414,-4.437519,4.061545,-6.108775,-0.003193,-0.005152,-0.005845,-0.005246,-0.004425,-0.004846,-0.005599,-0.005124,-0.004159,-0.004345,-0.005121,-0.004792,-0.003733,-0.004059,-0.006317,-0.00694,-0.006385,-0.005624,-0.005987,-0.006648,-0.006188,-0.00528,-0.005414,-0.00608,-0.005738,-0.004729,18.519614,0.020435,0.11551,3705.704753
3,-484.49203,62.11743,11.697673,10.358684,4.324119,-0.998299,1.48372,-4.678507,-5.345287,-2.888823,-0.69207,5.08095,-1.988645,-0.008515,0.011331,-0.009264,0.006203,-0.002999,0.000738,-5.38E-05,0.000653,-0.001647,0.002446,-0.003301,0.004826,-0.006976,-0.030756,0.021586,0.021862,-0.043562,0.024381,0.012357,-0.027748,0.008714,0.020684,-0.027863,0.006893,0.017612,-0.01926,52.594768,0.021984,0.216799,4760.532633
3,-479.2521,41.878643,18.441605,17.447145,8.404383,3.239904,-5.727402,-3.633443,0.811158,-0.18301,-3.24046,3.611265,-0.084617,-0.007102,0.010801,-0.008449,-0.000917,0.010336,-0.012191,0.009847,-0.00899,0.006238,0.002704,-0.011794,0.013077,-0.009269,-0.000985,0.003167,-0.004114,-9.27E-05,0.004567,-0.003773,0.001371,-0.002445,0.003501,0.000272,-0.004828,0.004217,-0.001307,68.187748,0.018411,0.210357,5017.336019
3,-466.96146,44.843678,22.381742,18.782341,5.739368,3.2697,2.117379,-1.262826,-4.253518,1.194116,-5.221842,4.213443,-3.28659,-0.00356,-0.005029,-0.005014,-0.004989,-0.004953,-0.004908,-0.004853,-0.004789,-0.004715,-0.004632,-0.00454,-0.004439,-0.00433,-0.007967,-0.01125,-0.011199,-0.011113,-0.010994,-0.010844,-0.010663,-0.010452,-0.010215,-0.009953,-0.009667,-0.009362,-0.009038,51.265483,0.021882,0.088456,3874.231974
3,-473.0197,41.119854,23.210142,18.001411,7.122403,7.073473,-2.024236,-2.939415,-0.976558,-1.352566,-5.080773,3.475177,-2.511444,-0.037269,-0.012035,0.023569,0.044022,0.024532,-0.066499,-0.042093,0.042794,0.040965,0.004734,-0.041434,-0.019937,0.023882,0.013521,-0.001426,-0.017065,0.003145,0.013448,-0.004304,-0.011209,0.007665,0.008993,-0.012053,-0.00544,0.013626,0.002725,78.062172,0.018363,0.146398,4308.385213
3,-501.81696,56.624,14.989367,15.590296,7.483828,0.761896,-3.214928,-10.720312,-2.454252,-1.897059,-4.698466,3.720567,-6.655164,-0.107104,0.148331,-0.069521,0.011294,0.078204,-0.102371,0.126606,-0.079913,0.050336,0.015617,-0.030391,0.056112,-0.026555,-0.019508,0.028672,-0.014158,0.005993,0.010807,-0.014255,0.021318,-0.013979,0.012515,-0.00165,0.001424,0.004545,0.000526,13.671132,0.020257,0.109131,3550.23702
3,-490.23026,42.72263,22.002956,21.91556,11.352975,3.762992,-3.580023,-1.716943,-2.625182,-3.2481,-4.52179,3.842502,-1.124417,-0.132268,0.06056,-0.127339,-0.039149,-0.012569,-0.131153,0.041537,-0.128098,0.000936,-0.05595,-0.062872,-0.004523,-0.073577,-0.039523,0.070803,-0.028806,0.023928,0.023528,-0.021728,0.049868,-0.027911,0.03581,-0.005655,0.01082,0.01009,0.0025,10.956547,0.01499,0.120895,3970.932007
3,-484.80527,54.009205,17.400751,28.304312,11.008845,2.36985,-2.460059,-6.639483,-3.157582,-1.584103,0.30347,8.95244,-1.340569,-0.148725,-0.089147,0.036462,0.044473,-0.095404,-0.16578,-0.077478,0.005534,0.014276,-0.063136,-0.089775,-0.060901,-0.02558,0.021941,-0.009001,-0.043277,-0.04542,-0.002526,0.019703,-0.009269,-0.028975,-0.029582,-0.003793,0.003753,-0.006143,-0.011896,19.769552,0.018554,0.111588,3288.100179